Inicio_exclusivo,Fecha,Dias_intervalo,Observado_PLM2,EE_repeticiones_PLM2,Sigma_ajuste_PLM2,Base_PLM2_ajuste,Calibrado_PLM2_ajuste,Fraccion_base_intervalo,Fraccion_calibrada_intervalo
2026-01-10,2026-02-02,23,713.3333333,323.1704056857792,323.1704056857792,1269.5993201166743,1590.1103880394191,0.1802344831078884,0.22512084470051255
2026-02-02,2026-02-09,7,30.66666667,16.706618781522224,216.0,4.180773749984769e-05,3.712127238115241e-05,5.935097663334332e-09,5.2554667007154166e-09
2026-02-09,2026-02-16,7,162.6666667,49.00793586530428,216.0,5.2984437143462635e-11,4.7051453636260794e-11,7.521760991835436e-15,6.661338147750939e-15
2026-02-16,2026-02-23,7,461.3333333,106.96624597403508,216.0,0.6563476566637623,0.5827322009634813,9.317623187368729e-05,8.250066555243185e-05
2026-02-23,2026-03-02,7,16.0,4.618802153517007,216.0,0.0,0.0,0.0,0.0
2026-03-02,2026-03-09,7,230.6666667,27.5519710930291,216.0,0.0,0.0,0.0,0.0
2026-03-09,2026-03-16,7,2160.0,353.56470412075925,353.56470412075925,1284.9459158168863,1038.5784119080888,0.18241311198683208,0.14703736994306693
2026-03-16,2026-03-23,7,217.3333333,24.90872225635921,216.0,1292.177706066076,971.1590887552638,0.18343974925487,0.1374924382883443
2026-03-23,2026-03-30,7,1058.666667,232.89864271347264,232.89864271347264,1754.4425903455533,1446.749475009329,0.24906366000915647,0.2048244362994811
2026-03-30,2026-04-06,7,252.0,48.49742261192857,216.0,384.397565982002,381.0098859500052,0.05456973354895123,0.05394170619190042
2026-04-06,2026-04-13,7,344.0,53.26662494783515,216.0,0.5375125505537576,0.5635253436041912,7.630619769405378e-05,7.978144304732204e-05
2026-04-13,2026-04-20,7,178.6666667,58.48456586523016,216.0,292.92676786401165,324.249467783169,0.04158438316553503,0.045905815489351465
2026-04-20,2026-04-27,7,54.66666667,8.110350040397627,216.0,32.58367946208786,38.56084231235811,0.004625634664850664,0.00545927468873697
2026-04-27,2026-05-04,7,54.66666667,1.3333333333333333,216.0,81.78321903863646,99.52508211069501,0.011610085147945148,0.014090323993966702
2026-05-04,2026-05-11,7,108.0,12.858201014657274,216.0,0.0006000685054376441,0.0007456695387013068,8.518674765589651e-08,1.0556861818056262e-07
2026-05-11,2026-05-18,7,136.0,46.130250378683186,216.0,0.052697431045908044,0.06548490151600637,7.481017117116906e-06,9.271064735694168e-06
2026-05-18,2026-05-25,7,81.33333333,8.110350040397627,216.0,27.94783159259666,34.993537309442104,0.003967521800984475,0.004954231314640789
2026-05-25,2026-06-01,7,22.66666667,4.8074017006186525,216.0,315.2411566681515,443.20415924663905,0.04475217182787694,0.06274689823730051
2026-06-01,2026-06-15,14,310.6666667,75.09401514841986,216.0,159.17290201506657,282.47456083074013,0.022596456429128886,0.03999150764559756
2026-06-15,2026-06-22,7,86.66666667,12.719189352225941,216.0,32.43459265097126,67.58177019177387,0.004604470047073983,0.009567930193001728
2026-06-22,2026-06-29,7,37.33333333,17.333333333333336,216.0,0.0,0.0,0.0,0.0
2026-06-29,2026-07-06,7,33.33333333,14.11067365901115,216.0,0.0,0.0,0.0,0.0
2026-07-06,2026-07-13,7,30.66666667,9.614803401237307,216.0,5.130835047072297,11.180950812678837,0.0007283820871422098,0.0015829499074014874
2026-07-13,2026-07-20,7,50.66666667,16.384274303259346,216.0,0.006980998482966934,0.015315888212073756,9.910344415109407e-07,2.1683561830521114e-06
2026-07-20,2026-07-27,7,53.33333333,3.527668414752788,216.0,12.331559884824527,27.521769547235923,0.0017506092564314457,0.0038964112521557848
2026-07-27,2026-08-03,7,45.33333333,5.811865258054231,216.0,0.0035831127721265895,0.00813918315158817,5.086647953955747e-07,1.1523098019106115e-06
2026-08-03,2026-08-10,7,48.0,6.110100926607787,216.0,94.95992750556212,283.19796343116855,0.013480673137375887,0.040093923808457665
2026-08-10,2026-08-17,7,42.66666667,10.413666234542207,216.0,2.7164006490642527e-08,1.5872964722371367e-07,3.856248653733019e-12,2.247224628604272e-11
2026-08-17,2026-08-24,7,8.0,4.618802153517007,216.0,0.0,0.0,0.0,0.0
2026-08-24,2026-08-31,7,8.0,2.3094010767585034,216.0,0.0,0.0,0.0,0.0
2026-08-31,2026-09-07,7,4.0,2.3094010767585034,216.0,8.915462486132459e-11,5.207027535746195e-10,1.2656542480726785e-14,7.37188088351104e-14
2026-09-07,2026-09-14,7,0.0,0.0,216.0,7.593784275468963e-10,4.4369520778993924e-09,1.078026556911027e-13,6.281641873329136e-13
