Fecha,TMAX,TMIN,Prec,Fuente,TipoDato
2026-01-01,34.9,11.3,0.0,SIGA_INTA_BORDENAVE,Observado
2026-01-02,30.8,7.1,0.0,SIGA_INTA_BORDENAVE,Observado
2026-01-03,25.4,9.9,0.0,SIGA_INTA_BORDENAVE,Observado
2026-01-04,31.2,4.8,0.0,SIGA_INTA_BORDENAVE,Observado
2026-01-05,33.3,11.4,0.0,SIGA_INTA_BORDENAVE,Observado
2026-01-06,26.4,18.8,0.25,SIGA_INTA_BORDENAVE,Observado
2026-01-07,30.1,16.2,0.0,SIGA_INTA_BORDENAVE,Observado
2026-01-08,28.5,11.5,0.0,SIGA_INTA_BORDENAVE,Observado
2026-01-09,31.3,11.8,0.0,SIGA_INTA_BORDENAVE,Observado
2026-01-10,36.0,11.2,0.0,SIGA_INTA_BORDENAVE,Observado
2026-01-11,40.2,14.8,0.0,SIGA_INTA_BORDENAVE,Observado
2026-01-12,31.9,20.5,17.5,SIGA_INTA_BORDENAVE,Observado
2026-01-13,30.9,15.0,0.0,SIGA_INTA_BORDENAVE,Observado
2026-01-14,35.5,18.4,0.25,SIGA_INTA_BORDENAVE,Observado
2026-01-15,31.9,17.1,0.0,SIGA_INTA_BORDENAVE,Observado
2026-01-16,32.9,12.4,0.0,SIGA_INTA_BORDENAVE,Observado
2026-01-17,34.2,17.5,0.0,SIGA_INTA_BORDENAVE,Observado
2026-01-18,27.2,11.5,0.0,SIGA_INTA_BORDENAVE,Observado
2026-01-19,28.1,8.7,0.0,SIGA_INTA_BORDENAVE,Observado
2026-01-20,31.9,12.1,0.0,SIGA_INTA_BORDENAVE,Observado
2026-01-21,34.7,17.2,9.75,SIGA_INTA_BORDENAVE,Observado
2026-01-22,33.1,15.5,37.25,SIGA_INTA_BORDENAVE,Observado
2026-01-23,31.4,18.2,0.0,SIGA_INTA_BORDENAVE,Observado
2026-01-24,33.1,17.6,0.0,SIGA_INTA_BORDENAVE,Observado
2026-01-25,35.6,22.2,24.75,SIGA_INTA_BORDENAVE,Observado
2026-01-26,32.4,18.8,0.25,SIGA_INTA_BORDENAVE,Observado
2026-01-27,32.1,13.4,0.0,SIGA_INTA_BORDENAVE,Observado
2026-01-28,35.0,17.1,0.0,SIGA_INTA_BORDENAVE,Observado
2026-01-29,35.8,18.7,0.0,SIGA_INTA_BORDENAVE,Observado
2026-01-30,36.2,17.2,0.0,SIGA_INTA_BORDENAVE,Observado
2026-01-31,35.2,19.1,0.0,SIGA_INTA_BORDENAVE,Observado
2026-02-01,38.3,21.3,1.0,SIGA_INTA_BORDENAVE,Observado
2026-02-02,38.1,22.6,7.75,SIGA_INTA_BORDENAVE,Observado
2026-02-03,32.4,18.4,0.0,SIGA_INTA_BORDENAVE,Observado
2026-02-04,29.9,18.3,14.0,SIGA_INTA_BORDENAVE,Observado
2026-02-05,23.5,15.7,0.5,SIGA_INTA_BORDENAVE,Observado
2026-02-06,30.5,7.7,0.0,SIGA_INTA_BORDENAVE,Observado
2026-02-07,31.5,9.2,0.0,SIGA_INTA_BORDENAVE,Observado
2026-02-08,32.6,16.4,0.0,SIGA_INTA_BORDENAVE,Observado
2026-02-09,30.6,18.2,0.0,SIGA_INTA_BORDENAVE,Observado
2026-02-10,33.4,14.3,6.5,SIGA_INTA_BORDENAVE,Observado
2026-02-11,25.6,9.2,0.5,SIGA_INTA_BORDENAVE,Observado
2026-02-12,26.0,8.7,0.0,SIGA_INTA_BORDENAVE,Observado
2026-02-13,26.1,9.1,0.0,SIGA_INTA_BORDENAVE,Observado
2026-02-14,28.1,13.9,9.0,SIGA_INTA_BORDENAVE,Observado
2026-02-15,29.5,14.6,0.0,SIGA_INTA_BORDENAVE,Observado
2026-02-16,31.8,17.6,0.0,SIGA_INTA_BORDENAVE,Observado
2026-02-17,32.7,18.8,0.0,SIGA_INTA_BORDENAVE,Observado
2026-02-18,31.4,16.1,0.0,SIGA_INTA_BORDENAVE,Observado
2026-02-19,28.0,15.3,0.0,SIGA_INTA_BORDENAVE,Observado
2026-02-20,30.7,11.6,0.0,SIGA_INTA_BORDENAVE,Observado
2026-02-21,29.7,13.6,0.0,SIGA_INTA_BORDENAVE,Observado
2026-02-22,28.3,17.4,0.0,SIGA_INTA_BORDENAVE,Observado
2026-02-23,30.6,17.4,0.0,SIGA_INTA_BORDENAVE,Observado
2026-02-24,24.7,16.4,0.0,SIGA_INTA_BORDENAVE,Observado
2026-02-25,25.1,4.1,0.0,SIGA_INTA_BORDENAVE,Observado
2026-02-26,27.8,7.6,0.0,SIGA_INTA_BORDENAVE,Observado
2026-02-27,30.0,10.9,0.0,SIGA_INTA_BORDENAVE,Observado
2026-02-28,33.2,17.0,0.0,SIGA_INTA_BORDENAVE,Observado
2026-03-01,33.4,17.4,0.0,SIGA_INTA_BORDENAVE,Observado
2026-03-02,30.7,15.6,0.25,SIGA_INTA_BORDENAVE,Observado
2026-03-03,27.2,12.2,0.0,SIGA_INTA_BORDENAVE,Observado
2026-03-04,25.7,10.3,0.0,SIGA_INTA_BORDENAVE,Observado
2026-03-05,24.3,7.0,0.0,SIGA_INTA_BORDENAVE,Observado
2026-03-06,26.6,14.4,0.0,SIGA_INTA_BORDENAVE,Observado
2026-03-07,27.2,14.1,0.0,SIGA_INTA_BORDENAVE,Observado
2026-03-08,26.0,14.8,0.0,SIGA_INTA_BORDENAVE,Observado
2026-03-09,20.4,14.4,0.0,SIGA_INTA_BORDENAVE,Observado
2026-03-10,28.1,14.4,0.0,SIGA_INTA_BORDENAVE,Observado
2026-03-11,28.3,14.9,0.0,SIGA_INTA_BORDENAVE,Observado
2026-03-12,28.5,14.1,0.0,SIGA_INTA_BORDENAVE,Observado
2026-03-13,29.5,15.9,0.0,SIGA_INTA_BORDENAVE,Observado
2026-03-14,30.1,15.9,0.0,SIGA_INTA_BORDENAVE,Observado
2026-03-15,28.2,16.9,14.0,SIGA_INTA_BORDENAVE,Observado
2026-03-16,25.9,13.9,8.75,SIGA_INTA_BORDENAVE,Observado
2026-03-17,22.9,11.3,0.0,SIGA_INTA_BORDENAVE,Observado
2026-03-18,25.6,7.2,0.0,SIGA_INTA_BORDENAVE,Observado
2026-03-19,31.5,15.5,25.75,SIGA_INTA_BORDENAVE,Observado
2026-03-20,22.8,15.2,16.25,SIGA_INTA_BORDENAVE,Observado
2026-03-21,21.9,12.1,0.5,SIGA_INTA_BORDENAVE,Observado
2026-03-22,24.3,5.0,0.75,SIGA_INTA_BORDENAVE,Observado
2026-03-23,20.5,6.1,0.0,SIGA_INTA_BORDENAVE,Observado
2026-03-24,27.7,5.9,0.0,SIGA_INTA_BORDENAVE,Observado
2026-03-25,22.8,4.7,0.0,SIGA_INTA_BORDENAVE,Observado
2026-03-26,27.0,7.1,0.0,SIGA_INTA_BORDENAVE,Observado
2026-03-27,28.4,12.2,0.0,SIGA_INTA_BORDENAVE,Observado
2026-03-28,29.5,15.8,0.0,SIGA_INTA_BORDENAVE,Observado
2026-03-29,29.2,21.1,0.0,SIGA_INTA_BORDENAVE,Observado
2026-03-30,31.1,20.0,0.0,SIGA_INTA_BORDENAVE,Observado
2026-03-31,33.8,23.2,0.25,SIGA_INTA_BORDENAVE,Observado
2026-04-01,25.8,19.8,0.25,SIGA_INTA_BORDENAVE,Observado
2026-04-02,29.1,16.9,0.0,SIGA_INTA_BORDENAVE,Observado
2026-04-03,25.5,12.1,0.0,SIGA_INTA_BORDENAVE,Observado
2026-04-04,18.8,4.2,0.0,SIGA_INTA_BORDENAVE,Observado
2026-04-05,19.4,1.7,9.25,SIGA_INTA_BORDENAVE,Observado
2026-04-06,17.4,10.6,0.5,SIGA_INTA_BORDENAVE,Observado
2026-04-07,21.2,10.9,0.0,SIGA_INTA_BORDENAVE,Observado
2026-04-08,22.4,5.7,0.0,SIGA_INTA_BORDENAVE,Observado
2026-04-09,24.6,4.8,0.0,SIGA_INTA_BORDENAVE,Observado
2026-04-10,25.9,6.5,0.0,SIGA_INTA_BORDENAVE,Observado
2026-04-11,23.7,12.0,0.25,SIGA_INTA_BORDENAVE,Observado
2026-04-12,26.7,11.2,0.0,SIGA_INTA_BORDENAVE,Observado
2026-04-13,25.4,11.3,0.0,SIGA_INTA_BORDENAVE,Observado
2026-04-14,27.8,15.0,4.25,SIGA_INTA_BORDENAVE,Observado
2026-04-15,27.1,10.6,0.0,SIGA_INTA_BORDENAVE,Observado
2026-04-16,27.9,9.0,0.0,SIGA_INTA_BORDENAVE,Observado
2026-04-17,19.5,11.9,2.25,SIGA_INTA_BORDENAVE,Observado
2026-04-18,26.2,7.1,0.0,SIGA_INTA_BORDENAVE,Observado
2026-04-19,19.0,8.1,0.0,SIGA_INTA_BORDENAVE,Observado
2026-04-20,13.9,9.8,12.5,SIGA_INTA_BORDENAVE,Observado
2026-04-21,14.9,9.2,2.5,SIGA_INTA_BORDENAVE,Observado
2026-04-22,20.7,2.6,0.0,SIGA_INTA_BORDENAVE,Observado
2026-04-23,23.4,2.1,0.0,SIGA_INTA_BORDENAVE,Observado
2026-04-24,23.4,4.3,0.0,SIGA_INTA_BORDENAVE,Observado
2026-04-25,19.3,3.1,0.0,SIGA_INTA_BORDENAVE,Observado
2026-04-26,12.2,4.8,2.0,SIGA_INTA_BORDENAVE,Observado
2026-04-27,14.1,-0.4,0.0,SIGA_INTA_BORDENAVE,Observado
2026-04-28,21.8,-0.5,0.25,SIGA_INTA_BORDENAVE,Observado
2026-04-29,20.9,7.1,0.5,SIGA_INTA_BORDENAVE,Observado
2026-04-30,25.4,0.7,0.0,SIGA_INTA_BORDENAVE,Observado
2026-05-01,18.6,9.5,0.0,SIGA_INTA_BORDENAVE,Observado
2026-05-02,14.0,-1.0,0.0,SIGA_INTA_BORDENAVE,Observado
2026-05-03,19.7,-1.8,0.0,SIGA_INTA_BORDENAVE,Observado
2026-05-04,23.5,4.4,0.0,SIGA_INTA_BORDENAVE,Observado
2026-05-05,21.9,10.4,5.5,SIGA_INTA_BORDENAVE,Observado
2026-05-06,18.8,12.3,0.0,SIGA_INTA_BORDENAVE,Observado
2026-05-07,16.8,8.3,1.75,SIGA_INTA_BORDENAVE,Observado
2026-05-08,10.7,3.5,5.25,SIGA_INTA_BORDENAVE,Observado
2026-05-09,10.5,2.4,1.0,SIGA_INTA_BORDENAVE,Observado
2026-05-10,14.8,-2.0,0.0,SIGA_INTA_BORDENAVE,Observado
2026-05-11,20.1,-3.2,0.0,SIGA_INTA_BORDENAVE,Observado
2026-05-12,16.6,2.4,0.0,SIGA_INTA_BORDENAVE,Observado
2026-05-13,17.2,-1.9,0.0,SIGA_INTA_BORDENAVE,Observado
2026-05-14,16.8,-0.1,0.0,SIGA_INTA_BORDENAVE,Observado
2026-05-15,17.5,2.7,0.0,SIGA_INTA_BORDENAVE,Observado
2026-05-16,13.3,6.1,0.0,SIGA_INTA_BORDENAVE,Observado
2026-05-17,15.3,-3.7,0.0,SIGA_INTA_BORDENAVE,Observado
2026-05-18,17.3,-4.5,0.0,SIGA_INTA_BORDENAVE,Observado
2026-05-19,19.3,-2.2,0.0,SIGA_INTA_BORDENAVE,Observado
2026-05-20,13.1,0.9,0.0,SIGA_INTA_BORDENAVE,Observado
2026-05-21,14.2,-2.7,0.0,SIGA_INTA_BORDENAVE,Observado
2026-05-22,13.8,1.4,0.25,SIGA_INTA_BORDENAVE,Observado
2026-05-23,14.6,2.0,0.0,SIGA_INTA_BORDENAVE,Observado
2026-05-24,15.5,4.2,0.0,SIGA_INTA_BORDENAVE,Observado
2026-05-25,18.1,0.9,0.0,SIGA_INTA_BORDENAVE,Observado
2026-05-26,18.7,-0.5,0.0,SIGA_INTA_BORDENAVE,Observado
2026-05-27,10.8,5.9,0.25,SIGA_INTA_BORDENAVE,Observado
2026-05-28,13.8,8.9,0.0,SIGA_INTA_BORDENAVE,Observado
2026-05-29,12.9,11.0,0.0,SIGA_INTA_BORDENAVE,Observado
2026-05-30,14.8,5.1,0.0,SIGA_INTA_BORDENAVE,Observado
2026-05-31,16.8,5.5,0.0,SIGA_INTA_BORDENAVE,Observado
2026-06-01,14.1,10.7,2.25,SIGA_INTA_BORDENAVE,Observado
2026-06-02,14.6,10.7,4.0,SIGA_INTA_BORDENAVE,Observado
2026-06-03,15.1,10.2,0.0,SIGA_INTA_BORDENAVE,Observado
2026-06-04,16.3,11.9,2.1,ECMWF_IFS_HISTORICO,Provisional
2026-06-05,15.8,11.8,0.5,ECMWF_IFS_HISTORICO,Provisional
2026-06-06,16.2,12.2,1.0,ECMWF_IFS_HISTORICO,Provisional
2026-06-07,14.8,10.4,1.3,ECMWF_IFS_HISTORICO,Provisional
2026-06-08,12.9,8.4,0.5,ECMWF_IFS_HISTORICO,Provisional
2026-06-09,14.3,6.5,0.0,ECMWF_IFS_HISTORICO,Provisional
2026-06-10,15.7,7.8,0.0,ECMWF_IFS_HISTORICO,Provisional
2026-06-11,18.0,1.4,0.0,SIGA_INTA_BORDENAVE,Observado
2026-06-12,15.0,8.1,2.25,SIGA_INTA_BORDENAVE,Observado
2026-06-13,9.9,1.6,0.75,SIGA_INTA_BORDENAVE,Observado
2026-06-14,11.4,-5.0,0.0,SIGA_INTA_BORDENAVE,Observado
2026-06-15,18.7,-3.6,0.0,SIGA_INTA_BORDENAVE,Observado
2026-06-16,19.2,0.4,0.0,SIGA_INTA_BORDENAVE,Observado
2026-06-17,13.8,-2.0,0.75,SIGA_INTA_BORDENAVE,Observado
2026-06-18,14.2,4.5,0.0,SIGA_INTA_BORDENAVE,Observado
2026-06-19,15.0,-4.1,0.0,SIGA_INTA_BORDENAVE,Observado
2026-06-20,17.2,2.4,0.0,SIGA_INTA_BORDENAVE,Observado
2026-06-21,14.8,-1.7,0.0,SIGA_INTA_BORDENAVE,Observado
2026-06-22,10.6,-0.9,0.0,SIGA_INTA_BORDENAVE,Observado
2026-06-23,11.3,-2.8,0.0,SIGA_INTA_BORDENAVE,Observado
2026-06-24,8.9,-6.1,0.0,SIGA_INTA_BORDENAVE,Observado
2026-06-25,10.6,-1.2,0.0,SIGA_INTA_BORDENAVE,Observado
2026-06-26,15.5,-1.7,1.25,SIGA_INTA_BORDENAVE,Observado
2026-06-27,13.3,-1.6,0.0,SIGA_INTA_BORDENAVE,Observado
2026-06-28,14.6,-2.9,0.0,SIGA_INTA_BORDENAVE,Observado
2026-06-29,13.6,-1.9,0.0,SIGA_INTA_BORDENAVE,Observado
2026-06-30,15.3,-2.7,0.0,SIGA_INTA_BORDENAVE,Observado
2026-07-01,8.8,2.0,1.75,SIGA_INTA_BORDENAVE,Observado
2026-07-02,7.0,-5.5,0.0,SIGA_INTA_BORDENAVE,Observado
2026-07-03,8.8,-7.6,0.0,SIGA_INTA_BORDENAVE,Observado
2026-07-04,5.1,-4.2,0.0,SIGA_INTA_BORDENAVE,Observado
2026-07-05,9.6,-0.4,0.0,SIGA_INTA_BORDENAVE,Observado
2026-07-06,10.7,-8.5,0.0,SIGA_INTA_BORDENAVE,Observado
2026-07-07,17.1,-2.6,0.0,SIGA_INTA_BORDENAVE,Observado
2026-07-08,11.8,4.1,0.0,SIGA_INTA_BORDENAVE,Observado
2026-07-09,9.7,0.2,0.0,SIGA_INTA_BORDENAVE,Observado
2026-07-10,9.2,6.7,8.25,SIGA_INTA_BORDENAVE,Observado
2026-07-11,9.4,5.7,0.5,SIGA_INTA_BORDENAVE,Observado
2026-07-12,11.4,-1.9,0.0,SIGA_INTA_BORDENAVE,Observado
2026-07-13,12.5,4.0,0.0,SIGA_INTA_BORDENAVE,Observado
2026-07-14,9.9,5.5,0.0,SIGA_INTA_BORDENAVE,Observado
2026-07-15,17.9,5.0,0.0,SIGA_INTA_BORDENAVE,Observado
2026-07-16,18.6,5.7,0.25,SIGA_INTA_BORDENAVE,Observado
2026-07-17,20.4,10.0,0.0,SIGA_INTA_BORDENAVE,Observado
2026-07-18,15.7,2.6,0.0,SIGA_INTA_BORDENAVE,Observado
2026-07-19,16.2,0.4,1.0,SIGA_INTA_BORDENAVE,Observado
2026-07-20,8.2,4.2,11.25,SIGA_INTA_BORDENAVE,Observado
2026-07-21,8.5,5.2,0.0,SIGA_INTA_BORDENAVE,Observado
2026-07-22,10.5,0.2,0.25,SIGA_INTA_BORDENAVE,Observado
2026-07-23,10.4,6.0,0.0,SIGA_INTA_BORDENAVE,Observado
2026-07-24,13.8,7.0,0.0,SIGA_INTA_BORDENAVE,Observado
2026-07-25,16.3,8.2,0.0,SIGA_INTA_BORDENAVE,Observado
2026-07-26,17.5,8.4,0.5,SIGA_INTA_BORDENAVE,Observado
2026-07-27,18.0,6.5,0.0,SIGA_INTA_BORDENAVE,Observado
2026-07-28,13.5,2.0,2.0,SIGA_INTA_BORDENAVE,Observado
2026-07-29,12.3,3.1,5.75,SIGA_INTA_BORDENAVE,Observado
2026-07-30,12.3,8.5,4.5,SIGA_INTA_BORDENAVE,Observado
2026-07-31,16.0,11.9,0.75,SIGA_INTA_BORDENAVE,Observado
2026-08-01,17.4,3.7,0.0,SIGA_INTA_BORDENAVE,Observado
2026-08-02,13.8,6.7,4.25,SIGA_INTA_BORDENAVE,Observado
2026-08-03,15.7,7.9,0.25,SIGA_INTA_BORDENAVE,Observado
2026-08-04,13.9,7.5,0.75,SIGA_INTA_BORDENAVE,Observado
2026-08-05,14.9,10.2,15.5,SIGA_INTA_BORDENAVE,Observado
2026-08-06,10.5,3.6,0.0,SIGA_INTA_BORDENAVE,Observado
2026-08-07,13.8,-3.0,0.0,SIGA_INTA_BORDENAVE,Observado
2026-08-08,12.6,1.2,0.0,SIGA_INTA_BORDENAVE,Observado
2026-08-09,9.9,-1.7,0.0,SIGA_INTA_BORDENAVE,Observado
2026-08-10,11.0,-5.0,0.0,SIGA_INTA_BORDENAVE,Observado
2026-08-11,12.5,-1.1,0.0,SIGA_INTA_BORDENAVE,Observado
2026-08-12,12.7,0.3,2.5,SIGA_INTA_BORDENAVE,Observado
2026-08-13,11.5,2.0,0.25,SIGA_INTA_BORDENAVE,Observado
2026-08-14,13.2,0.9,0.0,SIGA_INTA_BORDENAVE,Observado
2026-08-15,13.0,9.4,1.25,SIGA_INTA_BORDENAVE,Observado
2026-08-16,16.6,8.2,0.5,SIGA_INTA_BORDENAVE,Observado
2026-08-17,13.5,2.6,0.0,SIGA_INTA_BORDENAVE,Observado
2026-08-18,16.9,-3.7,0.0,SIGA_INTA_BORDENAVE,Observado
2026-08-19,20.1,-0.7,0.0,SIGA_INTA_BORDENAVE,Observado
2026-08-20,18.1,1.7,0.0,SIGA_INTA_BORDENAVE,Observado
2026-08-21,11.4,0.3,0.0,SIGA_INTA_BORDENAVE,Observado
2026-08-22,14.9,-6.7,0.0,SIGA_INTA_BORDENAVE,Observado
2026-08-23,12.1,0.1,0.0,SIGA_INTA_BORDENAVE,Observado
2026-08-24,14.0,0.2,0.0,SIGA_INTA_BORDENAVE,Observado
2026-08-25,16.8,7.4,0.0,SIGA_INTA_BORDENAVE,Observado
2026-08-26,12.7,8.0,0.0,SIGA_INTA_BORDENAVE,Observado
2026-08-27,20.6,2.7,0.25,SIGA_INTA_BORDENAVE,Observado
2026-08-28,20.1,0.9,0.0,SIGA_INTA_BORDENAVE,Observado
2026-08-29,21.6,1.1,2.5,SIGA_INTA_BORDENAVE,Observado
2026-08-30,20.2,3.9,0.5,SIGA_INTA_BORDENAVE,Observado
2026-08-31,19.9,5.5,0.0,SIGA_INTA_BORDENAVE,Observado
2026-09-01,20.5,2.5,5.5,SIGA_INTA_BORDENAVE,Observado
2026-09-02,14.0,7.7,0.25,SIGA_INTA_BORDENAVE,Observado
2026-09-03,15.9,3.3,0.0,SIGA_INTA_BORDENAVE,Observado
2026-09-04,15.5,-2.1,0.0,SIGA_INTA_BORDENAVE,Observado
2026-09-05,10.0,0.3,1.5,SIGA_INTA_BORDENAVE,Observado
2026-09-06,10.9,-7.9,0.0,SIGA_INTA_BORDENAVE,Observado
2026-09-07,13.7,-2.4,0.0,SIGA_INTA_BORDENAVE,Observado
2026-09-08,21.2,1.8,0.0,SIGA_INTA_BORDENAVE,Observado
2026-09-09,21.4,1.8,0.0,SIGA_INTA_BORDENAVE,Observado
2026-09-10,21.8,-1.7,0.0,SIGA_INTA_BORDENAVE,Observado
2026-09-11,10.2,4.5,2.25,SIGA_INTA_BORDENAVE,Observado
2026-09-12,10.2,-0.3,0.0,SIGA_INTA_BORDENAVE,Observado
2026-09-13,13.3,-5.9,0.0,SIGA_INTA_BORDENAVE,Observado
2026-09-14,18.5,-0.4,0.0,SIGA_INTA_BORDENAVE,Observado
